Maulbeeren Melasse,https://www.amazon.de/dp/B0FYQ2658Q,https://anadoanaturhaus.com/products/maulbeeren-melasse
Traubenmelasse,https://www.amazon.de/dp/B0FYP73HWQ,https://anadoanaturhaus.com/products/traubenmelasse
Johannisbrot Melasse,https://www.amazon.de/dp/B0FVMQRJW5,https://anadoanaturhaus.com/products/johannisbrot-melasse
Wacholderbeeren Melasse,https://www.amazon.de/dp/B0FZLRZF1M,https://anadoanaturhaus.com/products/wacholder-melasse
Dattel Melasse,https://www.amazon.de/dp/B0FYPMMBCH,https://anadoanaturhaus.com/products/anadoa-naturhaus-dattelmelasse
Tahin,https://www.amazon.de/dp/B0G15J5R6Y,https://anadoanaturhaus.com/products/tahini-sesammus
Zypressenzapfen Paste,https://www.amazon.de/dp/B0FZC1PXWV,https://anadoanaturhaus.com/products/tannenzapfenpaste
Zypressenzapfen Paste für Kinder,https://www.amazon.de/dp/B0FZK3G2DQ,https://anadoanaturhaus.com/products/anadoa-naturhaus-kids-paste
Kräuterextrakt Paste für Frauen,https://www.amazon.de/dp/B0FZK4RT77,https://anadoanaturhaus.com/products/anadoa-naturhaus-paste-mit-extrakten
Mariendistel Paste,https://www.amazon.de/dp/B0FZCC98YT,https://anadoanaturhaus.com/products/mariendistel-paste
Paste für Männer – Mesir Macunu,https://www.amazon.de/dp/B0FZCFR5HX,https://anadoanaturhaus.com/products/mesir-paste
Bittermelone Paste mit Honig,,https://anadoanaturhaus.com/products/bittermelonen-paste
Bittermelone Paste mit Olivenöl,https://www.amazon.de/dp/B0FZCCFNN7,https://anadoanaturhaus.com/products/bittermelone-paste-mit-olivenol
Schwarze Maulbeere Sirup Mix für Kinder,https://www.amazon.de/dp/B0GDRVRLHR,https://anadoanaturhaus.com/products/schwarze-maulbeere-sirup-fur-kinder
Schwarze Maulbeersirup,https://www.amazon.de/dp/B0GDR1M6NH,https://anadoanaturhaus.com/products/schwarzer-maulbeersirup
Kinder Sirup Mix mit Honig & Propolis,https://www.amazon.de/dp/B0GHZF3BBP,https://anadoanaturhaus.com/products/kinder-sirup-mix-mit-honig-propolis
Zypressenzapfen Sirup,https://www.amazon.de/dp/B0FZBTGDNK,https://anadoanaturhaus.com/products/tannenzapfen-sirup
Granatapfelsirup,https://www.amazon.de/dp/B0FVMFL164,https://anadoanaturhaus.com/products/granatapfelsirup
Schwarzkümmelöl Pur,https://www.amazon.de/dp/B0FYGJHSVT,https://anadoanaturhaus.com/products/schwarzkummelol
Schwarzkümmelöl für Kinder mit orange,https://www.amazon.de/dp/B0FYGPVYDS,https://anadoanaturhaus.com/products/schwarzkummelol-fur-kinder
Schwarzkümmelöl mit Minze,https://www.amazon.de/dp/B0FYGQ6CVX,https://anadoanaturhaus.com/products/schwarzkummelol-mit-minze
Schwarzkümmelöl für Kinder mit erdbeeren,https://www.amazon.de/dp/B0H7STXXDK,https://anadoanaturhaus.com/products/schwarzkummelol-fur-kinder-mit-erdbeergeschmack
Udi Hindi Öl Pur 100ml,,https://anadoanaturhaus.com/products/udi-hindi-ol-kostus-ol-qist-al-hindi-ol
Udi Hindi Öl 30ml Pur,,https://anadoanaturhaus.com/products/udi-hindi-ol-kostus-ol-qist-al-hindi-ol
Udi Hindi Öl Für Kinder 100ml,,https://anadoanaturhaus.com/products/anadoa-naturhaus-udi-hindi-ol-kids
Udi Hindi Öl Für Kinder 50ml,,https://anadoanaturhaus.com/products/udi-hindi-mit-orangengeschmack-fur-kinder
Udi Hindi Öl mit Minze | 100 mL,,https://anadoanaturhaus.com/products/udi-hindi-ol-mit-minzgeschmack-100ml
Udi Hindi Öl mit Minze | 50 mL,,https://anadoanaturhaus.com/products/udi-hindi-mit-minze-erwachsene
Tarhana Suppe,https://www.amazon.de/dp/B0FYH221DC,https://anadoanaturhaus.com/products/tarhana
Scharfe Tarhana Suppe,https://www.amazon.de/dp/B0GD22D3KM,https://anadoanaturhaus.com/products/scharfe-tarhana
Sumak Kerne,https://www.amazon.de/dp/B0G1BQFPT9,https://anadoanaturhaus.com/products/sumach-kerne
Sumach Gewürz Gemahlen,https://www.amazon.de/dp/B0FVMVHG8X,https://anadoanaturhaus.com/products/sumach-gewurz-gemahlen
Türkischer Oregano,,https://anadoanaturhaus.com/products/turkischer-oregano-gewurz-50g
Nioli Öl,https://www.amazon.de/dp/B0G13KZJYS,https://anadoanaturhaus.com/products/nioli-yagi
Rosenöl,https://www.amazon.de/dp/B0FZBPL5P9,https://anadoanaturhaus.com/products/rosenol
Pfefferminzöl ,https://www.amazon.de/dp/B0G13QTBZ8,https://anadoanaturhaus.com/products/pfefferminz-ol
Kiefer Terpentinöl,https://www.amazon.de/dp/B0G13YQ9R1,https://anadoanaturhaus.com/products/terpentin-ol
Zitronenöl,https://www.amazon.de/dp/B0G13Q9LZ1,https://anadoanaturhaus.com/products/zitronenol
Nelkenöl,https://www.amazon.de/dp/B0G13LJXZ5,https://anadoanaturhaus.com/products/nelkenol
Eukalyptusöl,https://www.amazon.de/dp/B0G13KLH43,https://anadoanaturhaus.com/products/eukalyptusol
Teebaumöl,https://www.amazon.de/dp/B0G13Q24HF,https://anadoanaturhaus.com/products/teebaumol
Lavendelöl,https://www.amazon.de/dp/B0G13QRXTJ,https://anadoanaturhaus.com/products/lavendelol
Thymianöl ,https://www.amazon.de/dp/B0G13M83JY,https://anadoanaturhaus.com/products/thymianol
Hagebuttenkernöl,https://www.amazon.de/dp/B0GHP5BFX5,https://anadoanaturhaus.com/products/hagebuttenkernol
Patchouliöl,https://www.amazon.de/dp/B0G13W8H65,https://anadoanaturhaus.com/products/patchouli-ol
Orangenöl,https://www.amazon.de/dp/B0G13LCBGW,https://anadoanaturhaus.com/products/orangenol
Ylang Ylang Öl,https://www.amazon.de/dp/B0G13JPT16,https://anadoanaturhaus.com/products/ylang-ylang-ol
Sandelholzöl ,https://www.amazon.de/dp/B0G13WLW4D,https://anadoanaturhaus.com/products/sandelholzol
Vetiveröl,https://www.amazon.de/dp/B0G13P8ZLQ,https://anadoanaturhaus.com/products/vetiver-ol
Zedernholzöl,https://www.amazon.de/dp/B0G13NCP8D,https://anadoanaturhaus.com/products/zedernholz-ol
Zimtöl,https://www.amazon.de/dp/B0G13K3K28,https://anadoanaturhaus.com/products/zimt-ol
Johanniskrautöl,https://www.amazon.de/dp/B0GHP71SLV,https://anadoanaturhaus.com/products/johanniskrautol
Jojobaöl,https://www.amazon.de/dp/B0GHNYRV9Q,https://anadoanaturhaus.com/products/jojobaol
Rosmarinöl 30ml,https://www.amazon.de/dp/B0GLQSTXC7,https://anadoanaturhaus.com/products/rosmarinol-100ml
Granatapfelkernöl,https://www.amazon.de/dp/B0G1MQ3244,https://anadoanaturhaus.com/products/granatapfelkernol
Bergamotteöl,https://www.amazon.de/dp/B0G13NFZ7X,https://anadoanaturhaus.com/products/bergamotte-ol
Lorbeerkernöl 30ml,https://www.amazon.de/dp/B0G1MTS9T6,https://anadoanaturhaus.com/products/lorbeerkern-ol
Lorbeerkernöl 100ml,https://www.amazon.de/dp/B0FYGRT1KY,https://anadoanaturhaus.com/products/lorbeerkernol
Traubenkernöl,https://www.amazon.de/dp/B0G1MT9RLL,https://anadoanaturhaus.com/products/traubenkernol
Senföl,https://www.amazon.de/dp/B0G1MSF3GD,https://anadoanaturhaus.com/products/senfol
Arganöl,https://www.amazon.de/dp/B0G1MQ263F,https://anadoanaturhaus.com/products/arganol
Rizinusöl,https://www.amazon.de/dp/B0G1MPG1B3,https://anadoanaturhaus.com/products/rizinusol
Rizinus- & Rosenöl Mischung,https://www.amazon.de/dp/B0FZCM48XZ,https://anadoanaturhaus.com/products/rizinus-rosenol-mischung
Mandelöl,https://www.amazon.de/dp/B0G1MPL5YR,https://anadoanaturhaus.com/products/mandelol
Rosskastanienöl,https://www.amazon.de/dp/B0G1MQWWY6,https://anadoanaturhaus.com/products/rosskastanienol
Gilaburu Saft,https://www.amazon.de/dp/B0G7JP7HCK,https://anadoanaturhaus.com/products/bio-gilaburu-saft
Weißdornessig,https://www.amazon.de/dp/B0GD7LZD34,https://anadoanaturhaus.com/products/bio-weissdorn-essig
Ananasessig,https://www.amazon.de/dp/B0GD7ND9RS,https://anadoanaturhaus.com/products/ananas-essig-250-ml
Apfelessig,https://www.amazon.de/dp/B0GD7VXSML,https://anadoanaturhaus.com/products/bio-apfelessig
Kräutermix Essig 250ml | D-tox Essig,https://www.amazon.de/dp/B0GD7NW1W8,https://anadoanaturhaus.com/products/detox-mix-250ml
Oxymel Gold Essig,https://www.amazon.de/dp/B0GD7NM5WP,https://anadoanaturhaus.com/products/gold-tonic
Traubenessig,https://www.amazon.de/dp/B0GD7RNJFQ,https://anadoanaturhaus.com/products/weinessig-von-arifoglu
Spitzwegerich Tee,https://www.amazon.de/dp/B0FZL5W5FB,https://anadoanaturhaus.com/products/spitzwegerich-tee
Schopflavendel Tee,https://www.amazon.de/dp/B0FZL779ZD,https://anadoanaturhaus.com/products/schopf-lavendel
Artischockenblätter Tee,https://www.amazon.de/dp/B0GHR2RRWF,https://anadoanaturhaus.com/products/artischockenblatter
Grüner Tee,https://www.amazon.de/dp/B0FZLG6HRZ,https://anadoanaturhaus.com/products/gruner-tee
Maisbart Tee,https://www.amazon.de/dp/B0GHQTHNH6,https://anadoanaturhaus.com/products/maisbart-tee
Kirschstiel Tee,https://www.amazon.de/dp/B0FZLFHR9H,https://anadoanaturhaus.com/products/kirschstiel-tee
Wintertee,https://www.amazon.de/dp/B0FZLJX77S,https://anadoanaturhaus.com/products/wintertee-naturliche-krautermischung
Atom Tee,https://www.amazon.de/dp/B0GDQSV4PL,https://anadoanaturhaus.com/products/atom-tee
Love Tee,,https://anadoanaturhaus.com/products/love-tee
Malvenblüten Tee,https://www.amazon.de/dp/B0G8HBPYCF,https://anadoanaturhaus.com/products/blaue-malvenbluten-tee
Salbei Tee,https://www.amazon.de/dp/B0G8HBF129,https://anadoanaturhaus.com/products/salbei-tee
Hibiskus Tee,https://www.amazon.de/dp/B0G8J5RD3L,https://anadoanaturhaus.com/products/hibiskus
Fenchelsamen Tee,https://www.amazon.de/dp/B0G8J1VJZX,https://anadoanaturhaus.com/products/fencheltee
Alexandrische Senna Blättertee,https://www.amazon.de/dp/B0G8J6QT46,https://anadoanaturhaus.com/products/sennesblatter-tee
Hagebutten Tee,https://www.amazon.de/dp/B0G8HRKML8,https://anadoanaturhaus.com/products/hagebutten-tee
Schafgarbentee ,https://www.amazon.de/dp/B0G8HBDWHB,https://anadoanaturhaus.com/products/schafgarbentee
Eibischblüten Tee,https://www.amazon.de/dp/B0G8HCQ3JS,https://anadoanaturhaus.com/products/malvenblutentee
Zaatar Tee,https://www.amazon.de/dp/B0G8JH11YK,https://anadoanaturhaus.com/products/zaatar-tee
Süßholzwurzel Tee,https://www.amazon.de/dp/B0G8HXHQ1F,https://anadoanaturhaus.com/products/sussholzwurzel
Löwenzahn Tee,https://www.amazon.de/dp/B0G8HTQYWL,https://anadoanaturhaus.com/products/lowenzahn
Schafgarbentee,https://www.amazon.de/dp/B0G8HBDWHB,https://anadoanaturhaus.com/products/schafgarbentee
Lavendeltee,https://www.amazon.de/dp/B0G8HZ2F5Y,https://anadoanaturhaus.com/products/lavendeltee
Detox & Form Pulver,https://www.amazon.de/dp/B0FZLND4TC,https://anadoanaturhaus.com/products/form-pulver
Flohsamenschalen Pulver,,https://anadoanaturhaus.com/products/flohsamenschalen-pulver
Leinsamen 400 g | Natürlich & reich an Omega-3,,https://anadoanaturhaus.com/products/leinsamen-400g
Mönchspfeffer | Keuschlamm,,https://anadoanaturhaus.com/products/monchspfeffer-keuschlamm
Kamelmilch Seife,https://www.amazon.de/dp/B0G1T8KYF6,https://anadoanaturhaus.com/products/kamelmilch-seife-natur-handgemacht
Ziegenmilch Seife,https://www.amazon.de/dp/B0G1YV4MXS,https://anadoanaturhaus.com/products/ziegenmilchseife
Platanen Seife,https://www.amazon.de/dp/B0G1THNHN7,https://anadoanaturhaus.com/products/platanen-seife-natur-handgemacht
Mango Seife,https://www.amazon.de/dp/B0G1TCTDMS,https://anadoanaturhaus.com/products/mango-seife-natur-handgemacht
Wabenhonig Seife,,https://anadoanaturhaus.com/products/wabenhonig-seife
Reishi Seife,https://www.amazon.de/dp/B0G1TFTVF1,https://anadoanaturhaus.com/products/anadoa-reishi-naturseife-handmade-reishi-naturseife-handmade
Knoblauch Seife,https://www.amazon.de/dp/B0G1TGQ624,https://anadoanaturhaus.com/products/knoblauch-seife-natur-handgemacht
Kaffee Seife,https://www.amazon.de/dp/B0G1TJJCLT,https://anadoanaturhaus.com/products/kaffee-seife-natur-handgemacht
Kamillen Seife,https://www.amazon.de/dp/B0G1TL3NGC,https://anadoanaturhaus.com/products/kamillen-seife-natur-handgemacht
Granatapfel Seife,https://www.amazon.de/dp/B0G1TBDZ5P,https://anadoanaturhaus.com/products/granatapfel-seife-natur-handgemacht
Gelbe Tonerde Zitrone Seife,https://www.amazon.de/dp/B0G1TB6TCB,https://anadoanaturhaus.com/products/gelbe-tonerde-zitrone-seife-naturlich-handgemacht
Grüne Tonerde & Teebaum Seife,https://www.amazon.de/dp/B0G1TL25R2,https://anadoanaturhaus.com/products/grune-tonerde-teebaum-seife-natur-handgemacht
Rosmarin Seife mit Schwarzer Tonerde,https://www.amazon.de/dp/B0G1TGSJXS,https://anadoanaturhaus.com/products/rosmarinseife-mit-schwarze-tonerde
Große Original Aydın Seife (festes Lorbeer-Shampoo),,https://anadoanaturhaus.com/products/aydin-lorbeer-seife
Eselsmilch Seife mit Luffaschwamm,https://www.amazon.de/dp/B0G1ST4G2S,https://anadoanaturhaus.com/products/eselsmilch-seife-mit-luffa-handmade
Luffa-Ozean-Seife,https://www.amazon.de/dp/B0G1SZSDL7,https://anadoanaturhaus.com/products/ozean-seife-mit-luffa
Zitronen Seife mit Luffaschwamm,https://www.amazon.de/dp/B0G1TBRQKF,https://anadoanaturhaus.com/products/zitronenseife-mit-luffa
Orchideen Seife mit Luffaschwamm,https://www.amazon.de/dp/B0G1T12HH8,https://anadoanaturhaus.com/products/luffa-orchideen-seife-natur-handgemacht
Lorbeer Seife mit Luffaschwamm,https://www.amazon.de/dp/B0G1SSSZL4,https://anadoanaturhaus.com/products/lorbeer-seife-mit-luffa
Aloe Vera Seife mit Luffaschwamm,https://www.amazon.de/dp/B0FYFR5XZ7,https://anadoanaturhaus.com/products/luffa-aloe-vera-seife-natur-handgemacht
Lavendel Seife mit Luffaschwamm,https://www.amazon.de/dp/B0G1T7M524,https://anadoanaturhaus.com/products/luffa-lavendel-seife-natur-handgemacht
Eselsmilch Honig Seife mit Luffaschwamm,https://www.amazon.de/dp/B0FYFYYKBK,https://anadoanaturhaus.com/products/naturliche-kurbisfaser-eselsmilch-honig-seife
Rosenseife mit Luffaschwamm,https://www.amazon.de/dp/B0FYFHDC7D,https://anadoanaturhaus.com/products/rosenseife-mit-luffaschwamm
Arganseife mit Luffaschwamm,https://www.amazon.de/dp/B0HCW3YL5D,https://anadoanaturhaus.com/products/arganseife
Rushur Stein,https://www.amazon.de/dp/B0FZ9ZRVSQ,https://anadoanaturhaus.com/products/original-rusur-peeling-stein
Rosenwasser,https://www.amazon.de/dp/B0FZCLZLK5,https://anadoanaturhaus.com/products/rosenwasser
Rosmarinwasser,https://www.amazon.de/dp/B0FZCQZGGX,https://anadoanaturhaus.com/products/rosmarinwasser-100-ml
,,
Räucherbündel | Salbei - Steppenraute - Rosmarin - Zimt - Strohblume,https://www.amazon.de/dp/B0G1CGY33S,https://anadoanaturhaus.com/products/raucherbundel-ahenk
"Räucherbündel | Lorbeer, Lavendel, Salbei und Strohblume",https://www.amazon.de/dp/B0G1C2BYN7,https://anadoanaturhaus.com/products/raucherbundel-lavendel-strohblume-eukalyptus
Räucherbündel | Salbei - Ringelblume - Zimt,https://www.amazon.de/dp/B0G1C6JDXT,https://anadoanaturhaus.com/products/raucherbundel-salbei-orange-lavendel
Räucherbündel | Salbei - Schafgarbe - Eibisch - Zimt - Rosmarin,https://www.amazon.de/dp/B0G1CJJG1V,https://anadoanaturhaus.com/products/raucherbundel-sage-lavendel
Sumix | Sumak Komplex - 150ml,https://www.amazon.de/dp/B0GD7XP553,https://anadoanaturhaus.com/products/sumix-sumak-komplex-150ml
The Nioli | L’Essence Secrète | Intim Pflegeset,https://www.amazon.de/dp/B0G134253F,https://anadoanaturhaus.com/products/the-nioli